ÉZÉìÉTî‘çÜ,pos,neg,pos+neg
1,0,0,0
2,0,0,0
3,0,0,0
4,0,0,0
5,0,0,0
6,0,0,0
7,0,0,0
8,0,0,0
9,4,6,10
10,4,3,7
11,21,56,77
12,2,4,6
13,11,60,71
14,0,0,0
15,0,0,0
16,0,0,0
17,0,0,0
18,0,0,0
19,0,0,0
ëçòa,42,129,,0.75439
ëçòa(àÍì˙ìñÇΩÇË),2,6,,0.75439
