ÉZÉìÉTî‘çÜ,pos,neg,pos+neg
1,0,0,0
2,0,0,0
3,0,0,0
4,0,0,0
5,0,0,0
6,0,0,0
7,0,0,0
8,0,0,0
9,25,30,55
10,15,27,42
11,105,264,369
12,30,42,72
13,35,116,151
14,0,0,0
15,0,0,0
16,0,0,0
17,0,0,0
18,0,0,0
19,0,0,0
ëçòa,210,479,,0.69521
ëçòa(àÍì˙ìñÇΩÇË),10,22,,0.69521
