ÉZÉìÉTî‘çÜ,pos,neg,pos+neg,
1,0,0,0,
2,0,0,0,
3,0,0,0,
4,0,0,0,
5,0,0,0,
6,0,355,355,
7,0,315,315,
8,0,256,256,
9,890,3017,3907,
10,987,3011,3998,
11,4200,45734,49934,
12,581,1155,1736,
13,1527,10677,12204,
14,0,0,0,
15,0,0,0,
16,0,0,0,
17,0,0,0,
18,0,0,0,
19,0,0,0,
ëçòa(àÍì˙ìñÇΩÇË),389,3072,3462.142857,0.887311739
