ÉZÉìÉTî‘çÜ,pos,neg,pos+neg
1,0,0,0
2,0,0,0
3,0,0,0
4,0,0,0
5,0,0,0
6,0,275,275
7,0,294,294
8,0,219,219
9,873,2807,3680
10,988,2927,3915
11,4200,45734,49934
12,539,1093,1632
13,1589,11372,12961
14,0,0,0
15,0,0,0
16,0,0,0
17,0,0,0
18,0,0,0
19,0,0,0
ëçòa,8189,64721,,0.88768
ëçòa(àÍì˙ìñÇΩÇË),389,3081,,0.88768
